m,k,n,cpu_time_ms,gpu_total_time_ms,gpu_kernel_time_ms,speedup,correct,max_abs_error,max_rel_error,gpu_available
100,100,100,0.500200,97.117200,3.311552,0.005150,true,0.000002,0.000884,true
250,250,250,9.924500,0.619000,0.145184,16.033118,true,0.000006,0.004460,true
500,500,500,86.729700,1.464400,0.477216,59.225417,true,0.000010,0.015529,true
1000,1000,1000,704.946100,5.118300,2.962304,137.730516,true,0.000019,0.023171,true
1500,1500,1500,2380.484800,16.115800,10.816096,147.711240,true,0.000027,2.480704,true
2000,2000,2000,5671.077900,190.817300,183.263489,29.719936,true,0.000034,0.831019,true
